engine,avg_execution_time,min_execution_time,max_execution_time,avg_memory_mb,total_return,sharpe_ratio,total_trades,n_periods
vectorbt,0.7331636746724447,0.06294608116149902,2.063142776489258,34.078125,0.28748107676715107,0.9191915963901208,1,366
custom_orders,0.010701576868693033,0.009846925735473633,0.011911869049072266,0.015625,0.0,0.0,166,366
