engine,avg_execution_time,min_execution_time,max_execution_time,avg_memory_mb,total_return,sharpe_ratio,total_trades,n_periods
vectorbt,0.7603473663330078,0.050019025802612305,2.1657121181488037,37.96875,0.28748107676715107,0.9191915963901208,1,366
custom_orders,0.011434634526570639,0.010911226272583008,0.012146949768066406,0.015625,0.0,0.0,166,366
