factor_name,12M_Momentum,1M_Momentum,Book_Value_Quality,Dividend_Stability,Earnings_Quality,PB_Ratio,PE_Ratio,RSI_Momentum
12M_Momentum,1.0,0.40241038133119006,-0.17962486540582312,-0.2109647660106083,-0.21417201406942576,-0.17962486540582312,-0.21417201406942576,0.2280180900128091
1M_Momentum,0.40241038133119006,1.0,-0.046860371719941396,-0.12154621076092749,0.02761403832764138,-0.046860371719941396,0.02761403832764138,0.6092195711508481
Book_Value_Quality,-0.17962486540582312,-0.046860371719941396,1.0,0.7249507439094405,0.6432108267874722,1.0,0.6432108267874722,0.019043441051230656
Dividend_Stability,-0.2109647660106083,-0.12154621076092749,0.7249507439094405,1.0,0.666974093923494,0.7249507439094405,0.666974093923494,0.10266095415033515
Earnings_Quality,-0.21417201406942576,0.02761403832764138,0.6432108267874722,0.666974093923494,1.0,0.6432108267874722,1.0,-0.004613143826630607
PB_Ratio,-0.17962486540582312,-0.046860371719941396,1.0,0.7249507439094405,0.6432108267874722,1.0,0.6432108267874722,0.019043441051230656
PE_Ratio,-0.21417201406942576,0.02761403832764138,0.6432108267874722,0.666974093923494,1.0,0.6432108267874722,1.0,-0.004613143826630607
RSI_Momentum,0.2280180900128091,0.6092195711508481,0.019043441051230656,0.10266095415033515,-0.004613143826630607,0.019043441051230656,-0.004613143826630607,1.0
