factor_name,12M_Momentum,1M_Momentum,Current_Ratio,Debt_Ratio,Operating_Profit_Margin,PB_Ratio,PE_Ratio,ROE_Proxy,RSI_Momentum
12M_Momentum,1.0,0.13502747252747252,-0.22902930402930402,-0.38905677655677656,0.19688644688644688,-0.4634034663180166,-0.18324175824175823,0.29354395604395606,0.14006233981893412
1M_Momentum,0.13502747252747252,1.0,0.1679029304029304,0.18296703296703296,0.16891025641025642,-0.3201538497599498,-0.1494047619047619,-0.035256410256410256,0.9993587687702294
Current_Ratio,-0.22902930402930402,0.1679029304029304,1.0,0.7365842490842491,0.17596153846153847,-0.07804665859780241,0.09844322344322344,-0.012225274725274725,0.16649870556166393
Debt_Ratio,-0.38905677655677656,0.18296703296703296,0.7365842490842491,1.0,0.1727106227106227,0.2691453559623834,0.2541208791208791,-0.35,0.18633743409996897
Operating_Profit_Margin,0.19688644688644688,0.16891025641025642,0.17596153846153847,0.1727106227106227,1.0,-0.19769225491112463,0.052243589743589745,0.5921245421245421,0.17699078139370053
PB_Ratio,-0.4634034663180166,-0.3201538497599498,-0.07804665859780241,0.2691453559623834,-0.19769225491112463,1.0,0.6296160628038029,-0.44428672829244753,-0.31534220597947116
PE_Ratio,-0.18324175824175823,-0.1494047619047619,0.09844322344322344,0.2541208791208791,0.052243589743589745,0.6296160628038029,1.0,-0.10782967032967034,-0.14189501682016323
ROE_Proxy,0.29354395604395606,-0.035256410256410256,-0.012225274725274725,-0.35,0.5921245421245421,-0.44428672829244753,-0.10782967032967034,1.0,-0.037340793900042954
RSI_Momentum,0.14006233981893412,0.9993587687702294,0.16649870556166393,0.18633743409996897,0.17699078139370053,-0.31534220597947116,-0.14189501682016323,-0.037340793900042954,1.0
